id,first_name,last_name,email,gender,ip_address,country_code
1,Aveline,Hevey,ahevey0@artisteer.com,Female,11.168.111.175,GY
2,Rickard,Windrus,rwindrus1@nymag.com,Male,96.121.22.106,US
3,Jarib,Conklin,jconklin2@digg.com,Male,1.219.190.245,IN
4,Winthrop,Sindall,wsindall3@issuu.com,Male,106.231.47.66,GB
5,Davidson,Cloney,dcloney4@themeforest.net,Male,183.145.44.203,PG
6,Aeriel,Godfree,agodfree5@sakura.ne.jp,Female,121.79.54.234,BS
7,Kahaleel,Scheffler,kscheffler6@ifeng.com,Male,174.145.105.56,RU
8,Delmer,Marchi,dmarchi7@mlb.com,Male,22.197.230.108,US
9,Horace,Boichat,hboichat8@globo.com,Genderqueer,172.160.0.193,PH
10,Clevey,Londing,clonding9@usatoday.com,Male,114.196.93.247,DK
11,Taddeo,Codrington,tcodringtona@csmonitor.com,Male,214.143.26.141,CD
12,Malvin,Wooles,mwoolesb@lycos.com,Male,230.7.177.186,NZ
13,Lorelei,Goodrum,lgoodrumc@edublogs.org,Genderfluid,127.18.114.185,US
14,Silva,Hindrich,shindrichd@example.com,Female,209.221.241.175,HN
15,Crawford,Ciubutaro,cciubutaroe@mapy.cz,Male,157.63.148.64,CA
16,Shaine,Torricina,storricinaf@jugem.jp,Male,47.110.225.111,LK
17,Peadar,Gatheral,pgatheralg@patch.com,Male,58.53.171.235,US
18,Claus,Crone,ccroneh@washingtonpost.com,Male,225.158.90.67,SO
19,Doyle,Phettiplace,dphettiplacei@wufoo.com,Male,9.136.35.33,IE
20,Josefina,Pichan,jpichanj@printfriendly.com,Female,50.9.101.188,AO
21,Bourke,Fernandez,bfernandezk@apple.com,Male,185.221.144.212,PF
22,Jamal,Peabody,jpeabodyl@tamu.edu,Male,29.86.6.237,CO
23,Nikolaos,McFarland,nmcfarlandm@mac.com,Male,63.126.64.45,PH
24,Elvera,Hunnicutt,ehunnicuttn@ycombinator.com,Female,193.192.38.134,BR
25,Holly,Hatzar,hhatzaro@auda.org.au,Female,213.208.65.146,ES
26,Gran,Koche,gkochep@ft.com,Male,65.138.165.94,CA
27,Bettina,Siuda,bsiudaq@theguardian.com,Female,17.143.139.237,CA
28,Allix,Manass,amanassr@gmpg.org,Female,217.237.150.38,JP
29,Nerissa,Haddock,nhaddocks@squidoo.com,Female,74.160.239.168,LK
30,Frankie,Hodge,fhodget@buzzfeed.com,Male,233.103.125.97,AU
31,Gare,Hollerin,ghollerinu@dot.gov,Male,40.121.208.72,RU
32,Lacee,Neubigin,lneubiginv@google.com,Female,1.78.60.150,ID
33,Kirsten,Busswell,kbusswellw@latimes.com,Female,166.226.100.225,AR
34,Marsha,Rawsen,mrawsenx@vkontakte.ru,Female,164.111.206.209,BR
35,Shelby,Dillingstone,sdillingstoney@utexas.edu,Male,135.167.168.105,CR
36,Astra,Bullough,abulloughz@addthis.com,Female,177.8.97.7,SB
37,Ofella,Ashleigh,oashleigh10@csmonitor.com,Female,4.89.188.222,AU
38,Farrell,Braime,fbraime11@webmd.com,Male,199.255.116.12,US
39,Kelvin,Ioselevich,kioselevich12@flickr.com,Male,152.163.19.82,VU
40,Julietta,Gapp,jgapp13@opera.com,Female,232.2.126.66,CD
41,Minta,Baggiani,mbaggiani14@hubpages.com,Female,184.242.143.113,US
42,Maude,Aizik,maizik15@aol.com,Female,248.157.205.111,YE
43,Lindsey,Eaddy,leaddy16@baidu.com,Male,216.24.206.118,PA
44,Lorita,Sunock,lsunock17@vistaprint.com,Female,93.83.138.190,CN
45,Josie,Osan,josan18@istockphoto.com,Female,74.212.115.97,ID
46,Bernardina,Brandacci,bbrandacci19@smugmug.com,Female,180.222.60.100,NA
47,Kristofor,Klemencic,kklemencic1a@mayoclinic.com,Male,128.182.49.66,FI
48,Oona,Denington,odenington1b@acquirethisname.com,Female,95.206.28.135,AU
49,Thorn,Guyonneau,tguyonneau1c@msu.edu,Male,18.128.20.235,RU
50,Feliza,Pollicott,fpollicott1d@drupal.org,Female,3.154.188.100,AF
51,Willamina,Rubery,wrubery1e@theguardian.com,Female,38.113.22.159,PK
52,Elfie,Rohlfing,erohlfing1f@woothemes.com,Female,111.24.108.127,IT
53,Shane,Kilban,skilban1g@independent.co.uk,Female,131.115.66.92,BR
54,Eddie,Chedzoy,echedzoy1h@cdbaby.com,Female,135.243.246.124,US
55,Brew,Rudolph,brudolph1i@weather.com,Male,240.116.142.113,US
56,Karil,Quene,kquene1j@dailymotion.com,Female,14.168.0.55,GA
57,Ody,Linfield,olinfield1k@pcworld.com,Male,121.162.55.117,IE
58,Nata,Betteson,nbetteson1l@networkadvertising.org,Female,104.173.228.21,PG
59,Tallulah,Bromfield,tbromfield1m@independent.co.uk,Genderfluid,48.87.154.38,MH
60,Delmar,Skipsey,dskipsey1n@cpanel.net,Male,205.204.105.196,PF
61,Dee dee,Fayers,dfayers1o@blogger.com,Female,238.107.4.15,CA
62,Maxwell,Howlett,mhowlett1p@toplist.cz,Male,35.147.84.221,NL
63,Lind,Sebastian,lsebastian1q@umn.edu,Genderfluid,20.188.126.137,GL
64,Adaline,Kelston,akelston1r@hhs.gov,Female,209.194.107.252,UA
65,Allistir,Pietruszewicz,apietruszewicz1s@google.com.au,Male,36.52.9.129,ID
66,Hilliard,Wesson,hwesson1t@simplemachines.org,Male,121.132.61.75,FI
67,Sorcha,Terese,sterese1u@deliciousdays.com,Female,43.179.231.185,US
68,Shell,Culligan,soculligan1v@bravesites.com,Female,107.108.93.195,NZ
69,Kelly,Moffatt,kmoffatt1w@behance.net,Non-binary,173.120.58.101,CN
70,Garv,Pipkin,gpipkin1x@opensource.org,Male,141.223.213.226,CA
71,Inglis,Pembry,ipembry1y@vk.com,Male,74.19.181.70,ZA
72,Emanuel,Graveney,egraveney1z@ehow.com,Male,52.189.88.137,CH
73,Erroll,Amsden,eamsden20@oaic.gov.au,Male,118.5.183.191,PA
74,Bartholomeus,Frunks,bfrunks21@hp.com,Male,121.57.154.238,US
75,Shell,Brawley,sbrawley22@fotki.com,Female,100.145.49.128,BR
76,Becca,Orhrt,borhrt23@imageshack.us,Bigender,52.195.92.187,MY
77,Pincus,Tegler,ptegler24@nba.com,Male,176.252.117.49,CA
78,Maggy,Kesby,mkesby25@uol.com.br,Female,142.247.110.217,GL
79,Evie,Chavez,echavez26@fema.gov,Female,34.108.101.216,MG
80,My,Caldaro,mcaldaro27@about.me,Male,235.177.118.227,DE
81,Timmie,Bernini,tbernini28@miitbeian.gov.cn,Male,48.175.75.162,PL
82,Mead,Dunklee,mdunklee29@bloglines.com,Female,241.227.63.236,BR
83,Nickie,Dorsett,ndorsett2a@biblegateway.com,Female,218.7.129.117,US
84,Nertie,Krystof,nkrystof2b@thetimes.co.uk,Female,9.136.229.107,GN
85,Gretchen,Matthew,gmatthew2c@vkontakte.ru,Female,82.197.96.177,MV
86,Bone,Kryszkiecicz,bkryszkiecicz2d@timesonline.co.uk,Male,37.42.150.247,US
87,Palm,Itscowicz,pitscowicz2e@washingtonpost.com,Male,108.39.26.112,CF
88,Delmor,Mustard,dmustard2f@indiatimes.com,Male,7.86.13.161,PH
89,Ashly,Fallon,aofallon2g@house.gov,Non-binary,60.66.215.161,US
90,Mag,Crossfield,mcrossfield2h@cpanel.net,Female,72.179.175.17,AO
91,Gaelan,Furbank,gfurbank2i@ted.com,Male,155.3.60.163,IR
92,Rainer,Jakel,rjakel2j@example.com,Genderqueer,188.77.180.212,ET
93,Arne,Antoniewski,aantoniewski2k@squidoo.com,Male,98.187.49.93,US
94,Rachele,Sidebotham,rsidebotham2l@fotki.com,Female,94.151.86.101,TN
95,Theodosia,Arent,tarent2m@google.ca,Female,230.22.102.127,US
96,Adore,Persicke,apersicke2n@fda.gov,Female,94.190.64.63,ET
97,Kaia,Kynsillaghe,kokynsillaghe2o@webnode.com,Bigender,42.168.126.2,RU
98,Brook,Cornfoot,bcornfoot2p@livejournal.com,Male,123.58.131.47,US
99,Coraline,Wreford,cwreford2q@fotki.com,Female,19.91.66.250,PK
100,Gaynor,Calafato,gcalafato2r@unesco.org,Female,124.54.114.13,BR
101,Jasmin,Hackin,jhackin2s@abc.net.au,Female,16.129.199.1,MM
102,Milt,Kingstne,mkingstne2t@scribd.com,Genderqueer,145.179.211.193,IN
103,Margery,Acome,macome2u@hugedomains.com,Female,8.184.182.246,US
104,Alyssa,Metcalfe,ametcalfe2v@slashdot.org,Female,225.117.92.140,NE
105,Pernell,Thorbon,pthorbon2w@wp.com,Male,254.210.97.6,VE
106,Kendell,Mayoh,kmayoh2x@yolasite.com,Male,97.177.171.183,CA
107,Dorree,Lettington,dlettington2y@storify.com,Female,131.87.78.128,CO
108,Goober,Bluett,gbluett2z@51.la,Polygender,182.230.196.163,US
109,Lonna,Antonikov,lantonikov30@prlog.org,Female,216.154.107.138,RU
110,Franciskus,Dimitrescu,fdimitrescu31@loc.gov,Male,214.1.72.236,BR
111,Fara,Yardley,fyardley32@tiny.cc,Female,213.145.175.135,NA
112,Britt,Ludlamme,bludlamme33@xrea.com,Male,131.59.10.5,CA
113,Dell,Ivashnikov,divashnikov34@mozilla.org,Female,159.211.78.228,AR
114,Melina,Iiannone,miiannone35@loc.gov,Female,70.12.139.14,AU
115,Cal,Kassidy,ckassidy36@bandcamp.com,Male,146.160.76.115,DJ
116,Curt,Knight,cknight37@hao123.com,Male,49.71.64.146,PA
117,Beniamino,Stobo,bstobo38@dropbox.com,Male,15.88.235.104,US
118,Damiano,Arnfield,darnfield39@twitter.com,Male,212.14.66.25,BZ
119,Welch,Kiebes,wkiebes3a@arizona.edu,Male,126.1.62.187,SB
120,Mabel,Antosik,mantosik3b@creativecommons.org,Female,252.157.151.159,US
121,Avigdor,Lewsie,alewsie3c@adobe.com,Male,40.225.122.131,AU
122,Mikaela,Mascall,mmascall3d@google.co.uk,Female,51.185.233.6,AU
123,Bonni,Larrett,blarrett3e@wisc.edu,Female,250.8.59.75,RU
124,Augustin,Klamp,aklamp3f@tripod.com,Male,51.152.114.13,SE
125,Neala,Dudmesh,ndudmesh3g@ft.com,Female,55.0.57.139,TW
126,Ronnie,Pocklington,rpocklington3h@timesonline.co.uk,Female,134.128.227.70,HN
127,Cchaddie,Mettrick,cmettrick3i@rediff.com,Male,155.130.98.228,GB
128,Robers,Theobald,rtheobald3j@prlog.org,Genderqueer,186.50.142.21,ML
129,Penrod,Shipton,pshipton3k@chicagotribune.com,Male,118.165.67.28,KE
130,Mordecai,Stair,mstair3l@bravesites.com,Agender,168.119.174.253,LR
131,Willard,Edleston,wedleston3m@berkeley.edu,Male,195.240.132.134,MH
132,Calhoun,Jekel,cjekel3n@theglobeandmail.com,Male,22.84.53.32,NI
133,Boote,Burke,bburke3o@technorati.com,Male,8.237.231.222,LS
134,Perceval,Itzhaki,pitzhaki3p@youtube.com,Non-binary,6.90.41.4,ZA
135,Sancho,Willerton,swillerton3q@parallels.com,Male,164.146.201.241,PG
136,Andrew,Horsley,ahorsley3r@unc.edu,Male,232.91.113.39,US
137,Mycah,Tossell,mtossell3s@sitemeter.com,Male,160.222.41.191,US
138,Tobe,Stollhofer,tstollhofer3t@tmall.com,Female,129.164.27.189,IN
139,Langsdon,Ashbrook,lashbrook3u@comsenz.com,Male,252.76.139.119,US
140,Tiffany,Haney,thaney3v@newyorker.com,Female,73.145.12.15,IE
141,Alina,Turl,aturl3w@instagram.com,Polygender,33.6.244.154,US
142,Jinny,Jewitt,jjewitt3x@so-net.ne.jp,Female,74.46.59.94,OM
143,Karyn,Ollander,kollander3y@msn.com,Female,98.36.245.216,SA
144,Thorn,Belcher,tbelcher3z@alexa.com,Male,16.114.205.50,US
145,Raff,Speeding,rspeeding40@java.com,Male,62.26.245.42,US
146,Claresta,Skaif,cskaif41@gravatar.com,Female,105.216.225.15,DE
147,Paulita,Koppe,pkoppe42@rambler.ru,Female,94.15.109.46,UA
148,Carolann,Navaro,cnavaro43@nifty.com,Female,132.166.190.172,CA
149,Leilah,MacSherry,lmacsherry44@icq.com,Female,96.132.135.32,US
150,Knox,Felder,kfelder45@google.co.jp,Male,135.52.108.62,US
151,Derrick,Melliard,dmelliard46@blinklist.com,Male,125.202.100.250,PG
152,Vinny,Mirando,vmirando47@homestead.com,Male,15.255.119.99,RU
153,Cheston,Kilbee,ckilbee48@sun.com,Male,211.92.16.26,CH
154,Tristam,Beynon,tbeynon49@redcross.org,Male,207.177.14.235,US
155,Faythe,Enderby,fenderby4a@reverbnation.com,Female,65.27.232.151,US
156,Blondelle,Mays,bmays4b@indiatimes.com,Female,176.13.47.122,PT
157,Cyb,Yardy,cyardy4c@etsy.com,Female,186.208.175.49,GA
158,Dorise,Holdin,dholdin4d@phpbb.com,Female,164.63.44.241,US
159,Todd,Latchmore,tlatchmore4e@loc.gov,Male,102.210.141.200,MZ
160,Deerdre,Maneylaws,dmaneylaws4f@diigo.com,Female,102.120.109.83,NA
161,Adolpho,Croshaw,acroshaw4g@bravesites.com,Male,141.200.205.165,CL
162,Odilia,Ives,oives4h@g.co,Female,137.203.22.103,US
163,Alana,Haydock,ahaydock4i@ovh.net,Female,72.179.143.61,PG
164,Raff,Crust,rcrust4j@aol.com,Male,252.189.229.167,PH
165,Barny,Baumadier,bbaumadier4k@imgur.com,Non-binary,199.186.8.135,US
166,Lauralee,Quick,lquick4l@theguardian.com,Female,46.220.106.34,JP
167,Adoree,Chattington,achattington4m@blog.com,Bigender,177.212.223.178,GB
168,Mendy,Caistor,mcaistor4n@github.io,Agender,8.245.148.221,CN
169,Kevon,Soane,ksoane4o@aol.com,Male,248.2.61.154,CN
170,Alessandra,Ranyell,aranyell4p@sohu.com,Non-binary,57.29.52.133,SB
171,Rickie,Roston,rroston4q@acquirethisname.com,Female,2.104.223.105,TD
172,Eileen,Readshaw,ereadshaw4r@arizona.edu,Female,60.174.252.17,GP
173,Cleo,Seldon,cseldon4s@shop-pro.jp,Female,212.215.230.99,BR
174,Kimmy,Dixsee,kdixsee4t@slate.com,Female,168.121.114.176,CA
175,Blondell,Hanner,bhanner4u@dailymotion.com,Female,101.211.58.56,AU
176,Stafani,Dafydd,sdafydd4v@wisc.edu,Polygender,118.170.12.147,VC
177,Moishe,Scougall,mscougall4w@nationalgeographic.com,Male,26.217.166.24,CA
178,Craig,Leaman,cleaman4x@taobao.com,Male,20.149.238.49,ET
179,Dierdre,Swinley,dswinley4y@cdbaby.com,Polygender,5.31.61.94,CN
180,Lew,Amor,lamor4z@bloglines.com,Male,143.103.146.20,US
181,Mufi,Kennard,mkennard50@intel.com,Female,172.6.168.164,CO
182,Wallie,Edlyne,wedlyne51@wiley.com,Female,56.208.99.242,MR
183,Hedda,McCritchie,hmccritchie52@howstuffworks.com,Female,3.180.53.85,FR
184,Trevar,Salmen,tsalmen53@photobucket.com,Male,128.25.87.107,US
185,Abie,Everix,aeverix54@spotify.com,Male,200.206.229.11,ID
186,Salvatore,Gerold,sgerold55@1688.com,Male,105.82.217.28,ZA
187,Melesa,Dudenie,mdudenie56@yellowbook.com,Female,83.216.178.38,TW
188,Nannie,Cabrara,ncabrara57@infoseek.co.jp,Female,51.53.177.106,SE
189,Raddie,Records,rrecords58@pcworld.com,Male,146.195.219.109,FI
190,Maryrose,Bagshawe,mbagshawe59@whitehouse.gov,Female,240.170.222.38,LR
191,Luce,Epperson,lepperson5a@accuweather.com,Male,238.247.191.211,BD
192,Mile,Goodread,mgoodread5b@un.org,Male,85.228.78.255,KH
193,Dewey,Masser,dmasser5c@rambler.ru,Male,36.26.83.244,US
194,Bald,Cutchie,bcutchie5d@bing.com,Male,132.217.154.239,US
195,Boony,Minithorpe,bminithorpe5e@multiply.com,Male,231.48.138.18,AR
196,Jemmy,Saunder,jsaunder5f@webmd.com,Female,212.194.220.75,CA
197,Marlo,Chadbourne,mchadbourne5g@kickstarter.com,Female,226.255.194.158,US
198,Ring,Hrycek,rhrycek5h@bloglines.com,Male,207.10.34.144,WF
199,Roobbie,Abelevitz,rabelevitz5i@sun.com,Female,183.244.104.94,IN
200,Kylen,Byk,kbyk5j@jugem.jp,Female,132.94.251.106,DE
201,Lock,Graeme,lgraeme5k@bluehost.com,Male,60.162.99.19,MH
202,Kristoforo,Addekin,kaddekin5l@guardian.co.uk,Male,199.225.38.127,EC
203,Maurizia,Dillimore,mdillimore5m@bandcamp.com,Female,186.160.73.124,SO
204,Casi,Pedersen,cpedersen5n@hugedomains.com,Female,14.72.215.105,FR
205,Dannye,Lomax,dlomax5o@google.com.au,Female,18.140.10.149,IN
206,Barbra,Syphus,bsyphus5p@marriott.com,Female,87.245.177.111,UG
207,Ethelda,Purrier,epurrier5q@yolasite.com,Female,159.174.200.86,US
208,Wat,Mutter,wmutter5r@cmu.edu,Male,13.17.125.239,PG
209,Ulysses,Titley,utitley5s@webmd.com,Male,47.155.95.226,US
210,Davine,Skowcraft,dskowcraft5t@people.com.cn,Female,254.76.180.166,PA
211,Addy,Sandbatch,asandbatch5u@google.de,Male,105.244.124.4,US
212,Barrett,Oolahan,boolahan5v@washington.edu,Male,17.116.44.171,PK
213,Rafferty,MacGiffin,rmacgiffin5w@theglobeandmail.com,Male,254.81.238.94,GY
214,Tammara,Gavrieli,tgavrieli5x@senate.gov,Agender,247.109.185.11,US
215,Lanny,Heddan,lheddan5y@msn.com,Female,170.54.82.45,EG
216,Trenna,Gawthrop,tgawthrop5z@vimeo.com,Female,228.162.103.231,IT
217,Berkeley,Cameron,bcameron60@sciencedirect.com,Male,62.245.52.123,CO
218,Gleda,Mathouse,gmathouse61@elpais.com,Female,228.136.121.61,BO
219,Patience,Covey,pcovey62@networksolutions.com,Female,221.113.182.38,KE
220,Giselbert,Manning,gmanning63@cpanel.net,Male,115.34.238.15,US
221,Dorothee,Dooney,ddooney64@dagondesign.com,Female,244.112.212.129,TD
222,Clem,Plewright,cplewright65@mozilla.org,Agender,66.1.176.64,AU
223,Marlane,Menlove,mmenlove66@ibm.com,Female,162.241.245.253,AU
224,Clayborn,Sharkey,csharkey67@storify.com,Male,160.52.206.204,LY
225,Timothee,Liddel,tliddel68@google.pl,Male,210.251.29.201,PG
226,Cleve,Keely,ckeely69@mapquest.com,Agender,118.6.89.51,KZ
227,Alphonso,Huby,ahuby6a@storify.com,Male,18.9.12.176,AU
228,Kristoforo,Perrins,kperrins6b@tripadvisor.com,Male,242.239.179.215,AU
229,Jodi,McCrachen,jmccrachen6c@apple.com,Female,235.116.252.229,CI
230,Melodie,Quinnell,mquinnell6d@google.it,Female,86.141.13.251,SR
231,Gerhardine,Sherlock,gsherlock6e@mapquest.com,Female,166.200.133.162,ET
232,Vivianna,Murkitt,vmurkitt6f@desdev.cn,Polygender,118.25.194.181,FR
233,Betty,Zukerman,bzukerman6g@istockphoto.com,Female,78.45.44.152,CI
234,Hersh,Cough,hcough6h@live.com,Male,55.92.182.210,MX
235,Kele,Fairney,kfairney6i@chronoengine.com,Male,190.122.96.116,GB
236,Shelia,Haverson,shaverson6j@economist.com,Female,37.213.114.151,ID
237,Doyle,Delaprelle,ddelaprelle6k@seattletimes.com,Male,216.30.237.129,TN
238,Walther,Finnan,wfinnan6l@sun.com,Male,139.59.67.0,US
239,Allina,Petrasso,apetrasso6m@noaa.gov,Female,125.234.196.219,SN
240,Tyrus,Elverston,telverston6n@pagesperso-orange.fr,Male,39.219.248.3,AU
241,Chet,Clewley,cclewley6o@google.it,Male,60.131.113.48,ZM
242,Lukas,Pauling,lpauling6p@list-manage.com,Male,234.88.148.147,IN
243,Berkie,Hospital,bhospital6q@businesswire.com,Male,211.174.212.155,US
244,Atalanta,Baynton,abaynton6r@youtube.com,Female,120.17.115.98,US
245,Hamnet,Diboll,hdiboll6s@cdbaby.com,Male,55.28.216.72,CA
246,Johann,Bailes,jbailes6t@archive.org,Male,204.75.51.192,CV
247,Taddeo,Skelcher,tskelcher6u@hugedomains.com,Male,46.132.246.112,TZ
248,Mohandis,Prangle,mprangle6v@moonfruit.com,Male,171.57.157.80,US
249,Ian,Joppich,ijoppich6w@marriott.com,Male,54.215.162.173,IR
250,Mauricio,Eastway,meastway6x@cnet.com,Male,3.190.112.13,IN
251,Octavius,Birley,obirley6y@myspace.com,Male,191.51.179.177,RU
252,Ardene,Dun,adun6z@prnewswire.com,Female,115.218.1.219,ID
253,Duff,Raccio,draccio70@state.tx.us,Genderqueer,166.89.14.107,MZ
254,Winnie,Prestney,wprestney71@barnesandnoble.com,Male,142.215.8.54,HU
255,Crista,Ensley,censley72@businessinsider.com,Female,94.118.236.200,US
256,Wyndham,Sommerly,wsommerly73@cocolog-nifty.com,Male,78.13.72.192,IN
257,Daile,Reeday,dreeday74@sfgate.com,Female,9.63.79.4,MG
258,Sher,Titmuss,stitmuss75@sourceforge.net,Female,51.42.60.246,DE
259,Emogene,Scrivenor,escrivenor76@omniture.com,Agender,187.226.185.61,US
260,Laney,McCafferky,lmccafferky77@sina.com.cn,Male,179.43.234.21,ID
261,Pedro,Kempson,pkempson78@tiny.cc,Male,86.11.114.170,US
262,Bailey,Barwick,bbarwick79@washington.edu,Male,116.104.163.62,US
263,Bran,Ekless,bekless7a@nhs.uk,Male,213.93.54.228,MY
264,Abbie,Whitlam,awhitlam7b@php.net,Female,197.7.109.48,CL
265,Randolf,Pearce,rpearce7c@posterous.com,Male,197.188.183.45,TH
266,Symon,Ebourne,sebourne7d@msn.com,Male,189.133.178.27,US
267,Heath,Biaggioli,hbiaggioli7e@miitbeian.gov.cn,Female,123.230.95.72,US
268,Violette,Stut,vstut7f@themeforest.net,Female,179.162.138.116,BR
269,Robby,Haslehurst,rhaslehurst7g@jimdo.com,Male,194.46.9.191,US
270,Orly,Boak,oboak7h@jugem.jp,Female,175.23.102.135,IN
271,Eadith,Dilkes,edilkes7i@cmu.edu,Female,2.203.197.189,US
272,Feliks,Starking,fstarking7j@webnode.com,Male,244.186.155.110,PG
273,Rolfe,Leidl,rleidl7k@wp.com,Male,231.226.181.34,US
274,Josephine,Fitzsymon,jfitzsymon7l@engadget.com,Female,15.174.175.131,CA
275,Noami,Prevett,nprevett7m@ow.ly,Female,209.122.4.102,US
276,Sim,Ebbing,sebbing7n@nymag.com,Male,143.195.164.246,AU
277,Michele,Badsey,mbadsey7o@illinois.edu,Female,152.185.247.178,NO
278,Mar,Jubert,mjubert7p@hc360.com,Agender,59.61.73.251,US
279,Carree,Chitter,cchitter7q@miitbeian.gov.cn,Female,21.52.50.90,US
280,Berty,Mines,bmines7r@wikia.com,Female,168.175.54.95,TO
281,Sophi,Meth,smeth7s@skype.com,Female,220.211.102.242,CL
282,Waverley,Karel,wkarel7t@xinhuanet.com,Male,216.117.27.48,BF
283,Hy,Tie,htie7u@microsoft.com,Male,128.132.177.60,US
284,Karalynn,Rattenbury,krattenbury7v@printfriendly.com,Female,209.83.252.173,US
285,Kristi,Garford,kgarford7w@intel.com,Female,178.219.226.141,GA
286,Genvieve,Lillgard,glillgard7x@cmu.edu,Female,114.162.150.202,PG
287,Clary,Dockrill,cdockrill7y@vimeo.com,Female,77.28.21.153,PG
288,Ingamar,Boatwright,iboatwright7z@phoca.cz,Non-binary,203.248.111.118,CA
289,Bobine,Challen,bchallen80@umn.edu,Female,35.62.47.27,SG
290,Suzie,Moorfield,smoorfield81@indiatimes.com,Female,25.105.122.162,CN
291,Tobi,Darnbrook,tdarnbrook82@cornell.edu,Female,175.61.203.137,US
292,Maisie,holmes,mholmes83@washington.edu,Female,164.72.221.70,CA
293,Bryce,Faraker,bfaraker84@netscape.com,Male,46.234.165.162,AU
294,Cassie,Thonason,cthonason85@webeden.co.uk,Male,43.232.108.44,US
295,Ursala,Brotherhead,ubrotherhead86@globo.com,Female,39.247.4.194,AO
296,Shaylynn,Dainty,sdainty87@pcworld.com,Female,244.188.27.10,CL
297,Ely,Rodgier,erodgier88@ca.gov,Male,191.216.31.220,CA
298,Romonda,Shillabeer,rshillabeer89@bluehost.com,Female,63.155.243.207,NP
299,Tina,Dunnet,tdunnet8a@exblog.jp,Genderfluid,138.117.137.189,CI
300,Ulises,Sextone,usextone8b@friendfeed.com,Non-binary,251.49.220.254,ZA
301,Dee dee,Lelievre,dlelievre8c@google.com.au,Female,10.122.108.223,DZ
302,Darleen,Aleavy,daleavy8d@ameblo.jp,Female,192.59.183.233,IN
303,Welbie,Freiberg,wfreiberg8e@vkontakte.ru,Genderqueer,134.229.155.222,CO
304,Jesselyn,Horwell,jhorwell8f@godaddy.com,Female,79.111.174.231,US
305,Rainer,Bramich,rbramich8g@xing.com,Male,196.99.38.38,TR
306,Millicent,Benbough,mbenbough8h@pbs.org,Female,185.107.201.245,US
307,Honoria,Lovitt,hlovitt8i@is.gd,Female,202.18.130.104,NZ
308,Bernie,Wiszniewski,bwiszniewski8j@dmoz.org,Male,121.155.35.105,VE
309,Jim,While,jwhile8k@uol.com.br,Male,164.171.80.168,CN
310,Jeannine,Tatchell,jtatchell8l@delicious.com,Female,105.118.231.184,CL
311,Aylmar,Neagle,aneagle8m@newsvine.com,Male,224.255.50.175,US
312,Constancy,Wyne,cwyne8n@tuttocitta.it,Female,185.109.157.176,FR
313,Maurie,Snoddy,msnoddy8o@godaddy.com,Male,48.98.238.23,CN
314,Glen,Goggins,ggoggins8p@angelfire.com,Male,187.174.118.8,US
315,Elwin,Ferreira,eferreira8q@dailymotion.com,Bigender,243.217.169.70,SE
316,Derrick,Rainville,drainville8r@parallels.com,Polygender,52.128.16.245,MX
317,Hana,Galland,hgalland8s@sfgate.com,Female,181.117.68.182,AU
318,Adams,Slyvester,aslyvester8t@prlog.org,Non-binary,248.42.182.110,IR
319,Polly,Drake,pdrake8u@goodreads.com,Female,185.59.121.171,SC
320,Wilie,Bignell,wbignell8v@seesaa.net,Female,92.141.230.14,PG
321,Reynard,Vickars,rvickars8w@sciencedaily.com,Male,49.89.131.37,US
322,Seumas,MacVaugh,smacvaugh8x@prlog.org,Male,111.147.162.145,BY
323,Aron,Mateev,amateev8y@google.fr,Male,206.163.55.110,US
324,Balduin,Randles,brandles8z@nydailynews.com,Male,188.113.142.33,FJ
325,Richmond,Gottschalk,rgottschalk90@chronoengine.com,Male,229.86.220.79,CO
326,Vyky,Shobrook,vshobrook91@theatlantic.com,Female,70.117.78.195,TL
327,Hurleigh,Priddy,hpriddy92@cbslocal.com,Male,96.231.156.206,PG
328,Ogdan,Grimsdith,ogrimsdith93@cdc.gov,Male,160.160.37.130,AU
329,Shantee,Kener,skener94@house.gov,Female,121.242.125.133,VN
330,Arabel,Anwyl,aanwyl95@histats.com,Female,125.103.184.93,ID
331,Ashien,Fey,afey96@techcrunch.com,Female,87.60.233.112,PH
332,Timmi,Carson,tcarson97@europa.eu,Female,55.174.115.176,AS
333,Jacobo,Scothron,jscothron98@nhs.uk,Polygender,216.236.196.104,PE
334,Chan,Annable,cannable99@youtu.be,Male,119.217.79.186,US
335,Anastassia,Hardage,ahardage9a@cnn.com,Female,169.107.195.209,GB
336,Niels,Shelliday,nshelliday9b@discuz.net,Male,2.6.183.92,VU
337,Sherlock,Ramsdale,sramsdale9c@wordpress.com,Male,235.101.152.83,IS
338,Debee,Reiach,dreiach9d@wired.com,Female,63.8.107.143,US
339,Kelsey,Armell,karmell9e@sakura.ne.jp,Genderqueer,26.68.216.49,MY
340,Hernando,Craighill,hcraighill9f@theglobeandmail.com,Male,165.134.180.64,BD
341,Ulrich,Luckett,uluckett9g@jimdo.com,Male,129.202.207.248,HN
342,Arte,Scarman,ascarman9h@slate.com,Male,41.144.245.52,GL
343,Smitty,Whitworth,swhitworth9i@tumblr.com,Male,145.49.85.227,DE
344,Bone,Dinning,bdinning9j@ftc.gov,Male,104.104.151.206,CN
345,Vinny,Shane,vshane9k@dmoz.org,Male,17.158.141.140,US
346,Jean,Skim,jskim9l@angelfire.com,Male,196.39.47.221,ID
347,Dudley,Charrette,dcharrette9m@prlog.org,Male,240.140.114.22,BF
348,Irina,Hubbocks,ihubbocks9n@hhs.gov,Female,101.120.251.50,BR
349,Hamil,Bednell,hbednell9o@prlog.org,Male,120.198.163.63,US
350,Cammy,Cometto,ccometto9p@mtv.com,Female,123.236.192.65,VI
351,Freeland,Castenda,fcastenda9q@cdbaby.com,Male,109.72.31.126,CN
352,Adore,Piniur,apiniur9r@statcounter.com,Female,254.100.240.205,PH
353,Amelina,Shovelbottom,ashovelbottom9s@patch.com,Female,222.1.136.185,CM
354,Mella,Cardno,mcardno9t@java.com,Female,160.194.233.211,US
355,Adan,Readitt,areaditt9u@cisco.com,Female,248.217.160.26,US
356,Early,Skough,eskough9v@nps.gov,Male,205.129.124.124,PG
357,Mareah,Triplow,mtriplow9w@ycombinator.com,Female,134.95.238.50,US
358,Ev,MacAindreis,emacaindreis9x@latimes.com,Male,15.78.90.173,PG
359,Bathsheba,Earpe,bearpe9y@lycos.com,Female,15.60.173.168,GR
360,Wilmer,Rosendorf,wrosendorf9z@slashdot.org,Male,251.174.111.23,US
361,Lorant,Hartnedy,lohartnedya0@blogtalkradio.com,Male,229.142.240.41,GP
362,Albina,Lenechan,aolenechana1@ebay.co.uk,Female,141.33.96.61,MM
363,Mariellen,Veale,mvealea2@house.gov,Genderfluid,231.180.55.246,US
364,Ranice,Antognetti,rantognettia3@reference.com,Non-binary,204.238.128.38,GR
365,Abagael,Sesnane,aosesnanea4@posterous.com,Female,153.242.159.245,US
366,Kendricks,Pobjay,kpobjaya5@stumbleupon.com,Non-binary,68.64.117.70,US
367,Brenda,Bedford,bbedforda6@dagondesign.com,Non-binary,141.148.228.240,VN
368,Daune,Sibbs,dsibbsa7@soup.io,Female,209.252.6.99,FM
369,Bernard,Putnam,bputnama8@cafepress.com,Male,38.0.205.65,AU
370,Pearla,Found,pfounda9@imageshack.us,Female,116.234.52.141,TN
371,Barbaraanne,Hare,bhareaa@cargocollective.com,Female,78.91.76.24,YE
372,Anna-diane,Graal,agraalab@mtv.com,Female,51.71.128.246,US
373,Clay,Whitta,cwhittaac@paginegialle.it,Male,100.211.178.97,IN
374,Susie,Stutter,sstutterad@about.me,Female,33.202.186.106,PY
375,Braden,Tunny,btunnyae@tamu.edu,Genderqueer,208.157.158.255,PG
376,Daniela,Hern,dohernaf@census.gov,Female,167.16.52.207,PK
377,Ferrell,Fellgatt,ffellgattag@ucoz.com,Male,169.102.37.41,US
378,Rachel,Pasterfield,rpasterfieldah@wufoo.com,Female,174.226.75.31,SE
379,Atlanta,Laverick,alaverickai@xrea.com,Female,182.81.210.79,CU
380,Hussein,Frisby,hfrisbyaj@google.com.hk,Male,30.201.161.187,KZ
381,Magdalena,Barry,mbarryak@fema.gov,Bigender,213.65.77.188,NP
382,Gherardo,Scriven,gscrivenal@free.fr,Male,132.236.138.141,US
383,Elna,Westphalen,ewestphalenam@google.pl,Female,103.248.122.228,GB
384,Orazio,Resdale,oresdalean@desdev.cn,Male,53.166.63.55,CN
385,Jock,McLukie,jmclukieao@cnbc.com,Male,109.58.21.109,AU
386,Pru,Reinhart,preinhartap@deviantart.com,Female,60.205.59.181,PG
387,Ernestine,Missen,emissenaq@skype.com,Female,203.137.119.144,BO
388,Gabrielle,Muzzall,gmuzzallar@cdbaby.com,Female,202.61.59.43,US
389,Rena,Glossup,rglossupas@nsw.gov.au,Female,39.31.155.68,US
390,Josh,Stonary,jstonaryat@wikipedia.org,Male,111.127.44.217,MA
391,Dido,Arthy,darthyau@tumblr.com,Female,73.204.66.53,BR
392,Findley,Kearle,fkearleav@imageshack.us,Male,40.248.96.120,CH
393,Oberon,Axleby,oaxlebyaw@lulu.com,Male,210.215.50.232,NP
394,Lorrie,Stollberger,lstollbergerax@bluehost.com,Female,199.163.173.80,PR
395,Doralin,Shimmin,dshimminay@msn.com,Female,35.183.131.92,PG
396,Corine,Speake,cspeakeaz@bandcamp.com,Female,96.172.103.246,UY
397,Cecily,Olivey,coliveyb0@dagondesign.com,Female,126.208.1.76,RU
398,Krysta,Trayte,ktrayteb1@people.com.cn,Female,196.251.196.38,TZ
399,Gaspard,Bairstow,gbairstowb2@google.ru,Male,78.158.18.176,PE
400,Melesa,Leonarde,mleonardeb3@washington.edu,Female,156.139.137.160,US
401,Ave,Channing,achanningb4@cbsnews.com,Male,234.179.8.184,SE
402,Beret,Shackesby,bshackesbyb5@reverbnation.com,Female,170.123.25.227,FR
403,Noel,Libby,nlibbyb6@xinhuanet.com,Male,58.158.99.85,NG
404,Emmalyn,Blaszkiewicz,eblaszkiewiczb7@timesonline.co.uk,Female,189.164.39.132,ZA
405,Cullie,Merrell,cmerrellb8@netvibes.com,Male,14.60.116.97,VU
406,Gilbertine,Huck,ghuckb9@vimeo.com,Female,36.51.232.43,PG
407,Delinda,Mithun,dmithunba@surveymonkey.com,Genderfluid,65.20.240.52,RU
408,Elsy,Cianni,eciannibb@oakley.com,Female,62.44.128.23,US
409,Mattias,Goodered,mgooderedbc@amazon.de,Male,202.46.130.26,AR
410,Nalani,Lindemann,nlindemannbd@imdb.com,Female,5.236.203.143,US
411,Melesa,Velte,mveltebe@chron.com,Female,241.174.163.226,NO
412,Weider,Geerdts,wgeerdtsbf@stumbleupon.com,Male,106.5.53.125,ZW
413,Guglielmo,Bramham,gbramhambg@netlog.com,Male,226.132.75.28,US
414,Trever,Codrington,tcodringtonbh@php.net,Male,119.33.118.113,NO
415,King,Gofford,kgoffordbi@si.edu,Male,160.7.60.112,US
416,Pierre,Duiguid,pduiguidbj@ftc.gov,Male,7.210.53.3,US
417,Tadio,Zarb,tzarbbk@reference.com,Male,251.230.39.173,FJ
418,Delly,Swindles,dswindlesbl@sun.com,Female,106.86.229.152,PH
419,Matteo,Rocca,mroccabm@shareasale.com,Male,32.122.51.197,US
420,Shela,Ludlow,sludlowbn@examiner.com,Genderqueer,128.69.114.173,MG
421,Alverta,Brooking,abrookingbo@hao123.com,Genderqueer,195.15.228.93,US
422,Chanda,Hulkes,chulkesbp@apple.com,Female,137.21.188.138,MG
423,Homerus,Mulqueen,hmulqueenbq@naver.com,Male,177.37.143.83,IR
424,Vonny,Morgue,vmorguebr@tiny.cc,Female,253.28.4.195,AU
425,Evita,Vicioso,eviciosobs@google.cn,Female,244.162.199.2,PH
426,Katine,Rubinovitsch,krubinovitschbt@usgs.gov,Female,114.110.202.65,US
427,Kerry,Durkin,kdurkinbu@vkontakte.ru,Male,110.134.17.12,US
428,Wheeler,Giacopini,wgiacopinibv@springer.com,Male,58.196.178.190,VE
429,Leticia,Kordovani,lkordovanibw@netlog.com,Female,130.123.247.140,PF
430,Sergio,Adderley,sadderleybx@desdev.cn,Male,183.197.149.38,US
431,Broddie,Budgeon,bbudgeonby@dropbox.com,Male,216.91.3.66,CO
432,Odie,Leet,oleetbz@phpbb.com,Male,198.19.75.101,US
433,Harmonie,Crump,hcrumpc0@google.nl,Genderfluid,170.136.217.216,US
434,Sarah,Frackiewicz,sfrackiewiczc1@icio.us,Female,142.109.224.52,US
435,Dallas,Goakes,dgoakesc2@unicef.org,Male,225.203.234.123,IS
436,Moishe,Pund,mpundc3@etsy.com,Male,73.179.171.173,CG
437,Quintina,Bastian,qbastianc4@salon.com,Agender,74.17.161.139,BS
438,Alva,Westley,awestleyc5@ca.gov,Male,236.48.119.33,PG
439,Mariel,Lampard,mlampardc6@nytimes.com,Female,146.19.8.30,NG
440,Kip,Suffield,ksuffieldc7@wufoo.com,Genderfluid,60.201.220.174,PE
441,Inger,Davitashvili,idavitashvilic8@hud.gov,Male,29.51.63.192,GB
442,Alvy,Baynton,abayntonc9@dell.com,Male,138.169.156.249,US
443,Elianora,Camies,ecamiesca@tumblr.com,Female,12.62.181.127,MP
444,Aileen,Rafferty,aoraffertycb@nature.com,Polygender,236.155.177.159,VI
445,Irena,Jirzik,ijirzikcc@ucoz.ru,Female,231.7.165.243,MX
446,Ariana,Guillart,aguillartcd@psu.edu,Female,185.187.191.7,PG
447,Chanda,Fairpool,cfairpoolce@wikispaces.com,Female,208.112.105.120,CU
448,Wyn,Lemmanbie,wlemmanbiecf@bluehost.com,Male,215.2.86.0,RU
449,Hastie,Tagg,htaggcg@cmu.edu,Male,140.85.253.28,AU
450,Hedvige,Waltering,hwalteringch@howstuffworks.com,Female,162.65.84.56,US
451,Nathalia,Askwith,naskwithci@cafepress.com,Female,1.63.185.109,US
452,Alick,Goscar,agoscarcj@taobao.com,Male,233.219.90.93,PH
453,Leonelle,Miskin,lmiskinck@com.com,Female,171.35.202.135,CA
454,Shaylah,Neal,sonealcl@paginegialle.it,Female,150.110.108.96,US
455,Geoff,Margrie,gmargriecm@go.com,Male,54.80.179.84,NG
456,Jessey,Stollmeier,jstollmeiercn@themeforest.net,Male,195.181.67.13,AU
457,Denis,Grangier,dgrangierco@latimes.com,Male,2.220.119.12,US
458,Diannne,Milella,dmilellacp@independent.co.uk,Female,21.100.181.58,AU
459,Gabriel,Life,glifecq@guardian.co.uk,Male,220.132.13.11,RU
460,Wyatt,Thorius,wthoriuscr@photobucket.com,Male,224.179.80.216,CF
461,Aloise,Dumbleton,adumbletoncs@xrea.com,Female,57.249.236.7,VN
462,Corrie,Charlesworth,ccharlesworthct@kickstarter.com,Male,108.93.204.21,SO
463,Antonin,Kewley,akewleycu@shutterfly.com,Male,134.224.244.77,UG
464,Annmaria,Manilo,amanilocv@ibm.com,Female,75.240.102.68,NL
465,Mary,Shead,msheadcw@theguardian.com,Female,4.215.179.177,BA
466,Cortney,Karlowicz,ckarlowiczcx@sourceforge.net,Female,208.50.175.86,ZM
467,Francine,Bernardotte,fbernardottecy@mozilla.org,Female,81.79.142.88,CA
468,Hunter,Coultass,hcoultasscz@gnu.org,Male,55.134.52.94,TO
469,Benjy,Dimitrie,bdimitried0@flavors.me,Male,25.163.242.46,US
470,Debee,Cafferty,dcaffertyd1@a8.net,Female,76.151.222.202,CA
471,Rafe,Kermott,rkermottd2@deliciousdays.com,Male,175.134.222.113,CD
472,Gene,Allicock,gallicockd3@slate.com,Female,254.245.195.69,IR
473,Edgar,Toppin,etoppind4@sina.com.cn,Male,170.222.66.59,IR
474,Delaney,Nicolson,dnicolsond5@friendfeed.com,Male,71.142.194.178,AU
475,Emmerich,Scranny,escrannyd6@redcross.org,Agender,84.166.172.50,KE
476,Barney,Steeden,bsteedend7@newyorker.com,Male,128.53.227.55,CA
477,Bendix,Pembridge,bpembridged8@soundcloud.com,Male,88.156.239.12,EG
478,Blayne,Codeman,bcodemand9@dailymotion.com,Male,46.122.248.107,MM
479,Joshia,Rudsdell,jrudsdellda@163.com,Male,159.223.32.225,US
480,Teirtza,Mc Menamin,tmcmenamindb@thetimes.co.uk,Female,115.59.17.216,BR
481,Truman,Meacher,tmeacherdc@smugmug.com,Male,120.84.46.60,HR
482,Arman,Henker,ahenkerdd@oakley.com,Male,25.183.111.73,US
483,Ramona,St. Clair,rstclairde@oaic.gov.au,Female,203.156.186.134,IQ
484,Pat,Di Franceshci,pdifranceshcidf@blogger.com,Male,235.164.122.95,PG
485,Armstrong,Carrivick,acarrivickdg@nydailynews.com,Male,53.73.185.19,EC
486,Leeland,Semper,lsemperdh@reverbnation.com,Male,141.223.54.75,ZA
487,Hoyt,Edworthy,hedworthydi@google.nl,Male,191.21.83.214,SE
488,Edy,Cordero,ecorderodj@behance.net,Female,80.125.64.78,US
489,Fraser,Goldsworthy,fgoldsworthydk@intel.com,Male,77.124.63.68,MX
490,Johnny,Truett,jtruettdl@smh.com.au,Male,129.194.150.0,US
491,Moyra,Martonfi,mmartonfidm@apple.com,Female,23.80.250.147,AF
492,Ofilia,Cooch,ocoochdn@geocities.com,Female,186.153.72.57,CO
493,Ly,Kleinplatz,lkleinplatzdo@elegantthemes.com,Male,114.63.180.115,CA
494,Nil,Strathe,nstrathedp@google.it,Male,215.7.127.140,GA
495,Janice,Hagan,jhagandq@npr.org,Female,5.231.14.102,CH
496,Lindy,Estoile,lestoiledr@taobao.com,Genderfluid,105.52.50.181,AU
497,Kristyn,Handscombe,khandscombeds@washingtonpost.com,Female,181.17.103.125,US
498,Pepi,Achurch,pachurchdt@g.co,Female,47.237.178.205,BS
499,Elijah,Botha,ebothadu@123-reg.co.uk,Male,39.174.169.237,TZ
500,Clovis,Ogelbe,cogelbedv@ihg.com,Female,81.244.203.120,PL
501,Frans,Wozencraft,fwozencraftdw@weibo.com,Polygender,109.141.121.65,PG
502,Beale,Stavers,bstaversdx@yandex.ru,Male,15.253.42.140,US
503,Lynelle,Buttfield,lbuttfielddy@bloglovin.com,Female,43.13.150.192,BG
504,Kaylil,McIntosh,kmcintoshdz@wunderground.com,Female,69.143.85.7,TC
505,Sorcha,Jago,sjagoe0@nydailynews.com,Female,143.93.164.92,RU
506,Cathyleen,Demeza,cdemezae1@house.gov,Female,147.1.168.74,RE
507,Salaidh,Tubble,stubblee2@examiner.com,Female,125.92.196.78,US
508,Cory,Aiers,caierse3@zimbio.com,Female,178.202.58.143,CM
509,Tonia,Coaster,tcoastere4@wunderground.com,Female,14.244.194.61,ID
510,Zorina,Spall,zspalle5@ning.com,Female,213.204.11.179,US
511,Siward,Tender,stendere6@businesswire.com,Male,187.74.46.35,TH
512,Sarina,Pitchford,spitchforde7@amazon.de,Female,42.115.90.118,JM
513,Misti,Coit,mcoite8@odnoklassniki.ru,Genderqueer,117.175.235.161,NO
514,Dulcy,Brunsen,dbrunsene9@cocolog-nifty.com,Female,167.112.152.18,CO
515,Raimund,Blamphin,rblamphinea@huffingtonpost.com,Male,8.44.237.46,VE
516,Arline,Bartoszewicz,abartoszewiczeb@foxnews.com,Female,3.126.80.147,RU
517,Helyn,Pretsel,hpretselec@usa.gov,Female,242.82.108.249,GY
518,Opal,Scogin,oscogined@ted.com,Female,11.111.250.202,US
519,Tuckie,Oels,toelsee@symantec.com,Male,94.132.227.84,RW
520,Redd,Tytherton,rtythertonef@infoseek.co.jp,Male,225.132.147.228,PG
521,Lenora,Hambridge,lhambridgeeg@shinystat.com,Female,65.176.173.2,US
522,Sibbie,Aucott,saucotteh@twitter.com,Female,196.103.151.250,CN
523,Kenyon,Carson,kcarsonei@google.co.uk,Male,97.152.160.114,SB
524,Farr,Maha,fmahaej@businessinsider.com,Male,22.198.225.113,BW
525,Alisa,Gorst,agorstek@whitehouse.gov,Female,186.84.209.170,CA
526,Gwen,Manilow,gmanilowel@dedecms.com,Female,176.172.20.78,BS
527,Izzy,Boneham,ibonehamem@t.co,Male,164.213.78.233,CN
528,Tanney,Burtenshaw,tburtenshawen@vimeo.com,Male,187.119.22.196,SO
529,Laurence,Filimore,lfilimoreeo@youtu.be,Male,81.232.139.76,IS
530,Gayelord,Bulleyn,gbulleynep@springer.com,Male,4.227.31.48,US
531,Pinchas,Pierri,ppierrieq@webnode.com,Male,225.124.93.11,PG
532,Zorah,Fairlamb,zfairlamber@merriam-webster.com,Genderfluid,243.44.236.20,PH
533,Allx,Birth,abirthes@mozilla.com,Female,242.67.85.230,US
534,Cos,Kalaher,ckalaheret@amazon.co.uk,Bigender,1.127.29.153,BR
535,Edgard,Hidderley,ehidderleyeu@about.com,Male,74.242.35.193,ZA
536,Catha,Hand,chandev@ameblo.jp,Female,196.157.240.253,CF
537,Roberto,Jacquest,rjacquestew@telegraph.co.uk,Male,152.166.201.18,BJ
538,Sarena,Gerg,sgergex@howstuffworks.com,Female,46.94.239.69,IL
539,Denny,Rain,drainey@moonfruit.com,Male,255.90.245.26,US
540,Myrlene,McInally,mmcinallyez@domainmarket.com,Female,22.120.232.13,ID
541,Kristian,Thompson,kthompsonf0@economist.com,Male,196.214.126.250,AU
542,Arch,Scottini,ascottinif1@reference.com,Male,20.223.43.154,AU
543,Sonya,Masselin,smasselinf2@t-online.de,Female,204.252.194.206,GA
544,Welsh,De Biasio,wdebiasiof3@tumblr.com,Male,200.183.158.83,DE
545,Uriel,MacBarron,umacbarronf4@cloudflare.com,Male,194.223.95.239,MX
546,Hugh,Smissen,hsmissenf5@ucoz.com,Male,101.240.64.10,AU
547,Jyoti,Theodoris,jtheodorisf6@naver.com,Polygender,102.217.19.229,MW
548,Jandy,Andriulis,jandriulisf7@dion.ne.jp,Female,244.3.207.130,US
549,Naomi,Bertin,nbertinf8@mlb.com,Female,99.250.216.202,CA
550,Jerrie,di Rocca,jdiroccaf9@imdb.com,Male,76.156.10.241,MW
551,Maje,Bellefonte,mbellefontefa@npr.org,Male,143.163.82.118,GB
552,Lulita,Dod,ldodfb@typepad.com,Female,195.115.166.145,MV
553,Hillel,Attkins,hattkinsfc@amazon.com,Male,75.39.59.131,JO
554,Renato,Evensden,revensdenfd@twitpic.com,Male,123.176.254.19,NP
555,Layla,McAlinion,lmcalinionfe@yolasite.com,Female,133.68.214.235,PL
556,Ilse,Sheilds,isheildsff@amazon.co.uk,Female,153.21.146.178,AU
557,Derrik,Mattaser,dmattaserfg@ow.ly,Male,237.57.191.254,MY
558,Salem,Farfull,sfarfullfh@odnoklassniki.ru,Male,36.67.182.58,US
559,Malinda,Stiller,mstillerfi@prnewswire.com,Female,49.159.54.249,IR
560,Arel,Soper,asoperfj@twitter.com,Male,78.149.119.147,ID
561,Langsdon,Eringey,leringeyfk@themeforest.net,Male,47.46.90.40,UG
562,Hermine,Whistance,hwhistancefl@skyrock.com,Female,47.140.227.208,PG
563,Kylynn,Shellibeer,kshellibeerfm@wiley.com,Female,180.109.112.186,PG
564,Sigmund,MacGowing,smacgowingfn@wix.com,Male,153.93.73.225,ID
565,Jessalin,Durrand,jdurrandfo@cam.ac.uk,Female,203.70.110.58,BD
566,Wesley,Godley,wgodleyfp@unicef.org,Male,18.149.119.17,MY
567,Bradan,Sweetsur,bsweetsurfq@washington.edu,Male,199.73.176.156,US
568,Tripp,Bumpus,tbumpusfr@wufoo.com,Male,106.1.220.254,LS
569,Yank,Khidr,ykhidrfs@mozilla.com,Male,74.152.198.179,MH
570,Osbourn,Showering,oshoweringft@yellowpages.com,Male,246.249.177.24,MA
571,Dulcine,Limon,dlimonfu@globo.com,Female,154.164.207.176,US
572,Bernarr,Amer,bamerfv@scribd.com,Male,51.2.159.24,TL
573,Gannie,Jorry,gjorryfw@upenn.edu,Male,164.111.136.184,IR
574,Frederic,Sunley,fsunleyfx@chicagotribune.com,Male,6.128.46.238,KR
575,Rosella,Langthorn,rlangthornfy@archive.org,Female,191.169.107.151,RU
576,Dudley,Formigli,dformiglifz@nbcnews.com,Male,194.240.238.61,US
577,Brigid,Collishaw,bcollishawg0@google.com.hk,Agender,153.192.98.171,JP
578,Lutero,Anespie,lanespieg1@patch.com,Male,13.101.223.213,NO
579,Dick,Cowcha,dcowchag2@phoca.cz,Male,59.173.207.148,US
580,Elwira,Cardello,ecardellog3@tinyurl.com,Female,176.223.16.58,AU
581,Jaymee,Brownstein,jbrownsteing4@ucoz.ru,Female,230.163.17.32,NG
582,Opaline,Sacher,osacherg5@foxnews.com,Female,157.138.246.21,IN
583,Derril,Ferriby,dferribyg6@yellowbook.com,Male,31.74.181.101,BR
584,Trula,Pinke,tpinkeg7@bbc.co.uk,Female,43.47.53.197,TR
585,Sisely,Keats,skeatsg8@moonfruit.com,Female,200.125.255.87,FI
586,Vicky,Dudenie,vdudenieg9@usnews.com,Female,128.47.251.81,US
587,Gery,Hovenden,ghovendenga@prlog.org,Male,48.87.184.241,AO
588,Elayne,Beardow,ebeardowgb@merriam-webster.com,Female,70.83.158.10,KZ
589,Tristan,Vassar,tvassargc@rakuten.co.jp,Male,18.10.135.184,NO
590,Odie,Sweetsur,osweetsurgd@discovery.com,Male,99.180.126.212,UA
591,Maddy,Cage,mcagege@auda.org.au,Male,80.42.86.25,TH
592,Veda,Powdrell,vpowdrellgf@nyu.edu,Genderqueer,75.120.57.53,GH
593,Hannie,Sleeman,hsleemangg@scientificamerican.com,Female,49.118.216.237,ID
594,Jinny,Marval,jmarvalgh@cam.ac.uk,Non-binary,223.123.59.220,SS
595,Frayda,Abbatini,fabbatinigi@stumbleupon.com,Female,81.161.17.255,AF
596,Jori,Freeburn,jfreeburngj@nyu.edu,Female,59.108.154.64,BR
597,Bentley,Cufley,bcufleygk@printfriendly.com,Male,61.143.67.115,AU
598,Morris,Hess,mhessgl@taobao.com,Male,211.211.153.108,NP
599,Cathryn,Poole,cpoolegm@accuweather.com,Female,114.1.26.65,PR
600,Rocky,Tolle,rtollegn@vistaprint.com,Male,42.134.19.40,US
601,Elsa,Jurs,ejursgo@reddit.com,Female,125.229.207.97,US
602,Kylynn,Reedshaw,kreedshawgp@google.com.hk,Female,11.191.53.90,US
603,Forrest,Skeats,fskeatsgq@unicef.org,Male,3.125.169.44,SE
604,Dynah,Northway,dnorthwaygr@economist.com,Female,96.10.117.186,PF
605,Georgeanne,Capner,gcapnergs@uiuc.edu,Female,133.160.190.184,US
606,Lyndel,Broszkiewicz,lbroszkiewiczgt@qq.com,Female,76.21.251.170,PG
607,Drew,Marie,dmariegu@themeforest.net,Male,37.138.41.130,BF
608,Mirabella,Pinke,mpinkegv@networkadvertising.org,Female,253.50.251.114,GP
609,Nerti,Grolle,ngrollegw@ehow.com,Female,163.61.26.75,MR
610,Belinda,Eyckel,beyckelgx@tamu.edu,Female,193.70.139.37,SK
611,Thomasa,Kendrick,tkendrickgy@hp.com,Female,188.241.20.24,MH
612,Rutherford,Mountney,rmountneygz@reverbnation.com,Male,41.180.42.75,ID
613,Alick,Jeyness,ajeynessh0@slashdot.org,Male,235.166.68.134,AU
614,Gianni,Grishaev,ggrishaevh1@weather.com,Male,239.1.70.208,LK
615,Lockwood,Cleary,lclearyh2@mozilla.org,Male,214.185.225.72,GT
616,Letitia,Rosebotham,lrosebothamh3@hc360.com,Female,211.132.56.68,AR
617,Terry,Gormley,tgormleyh4@bluehost.com,Male,50.41.89.14,CF
618,Sharron,Dedman,sdedmanh5@yolasite.com,Female,58.249.38.41,AU
619,Timoteo,Cluff,tcluffh6@nyu.edu,Male,178.59.20.15,MA
620,Rozanne,Cuddihy,rcuddihyh7@drupal.org,Female,146.224.203.94,MZ
621,Madelle,Bertholin,mbertholinh8@delicious.com,Female,205.251.47.39,BS
622,Barret,Eccles,becclesh9@so-net.ne.jp,Male,25.27.225.230,CA
623,Sissie,Kleinpeltz,skleinpeltzha@flavors.me,Bigender,225.109.105.244,KE
624,Gav,Tedstone,gtedstonehb@jugem.jp,Male,199.127.134.187,PK
625,Sissie,Antowski,santowskihc@uol.com.br,Female,146.96.42.76,US
626,Sheelagh,Semrad,ssemradhd@mozilla.com,Female,167.230.74.129,CD
627,Elaine,Hearse,ehearsehe@reddit.com,Female,211.66.55.208,AR
628,Nesta,McChesney,nmcchesneyhf@nba.com,Female,85.75.208.180,TZ
629,Gwendolin,Lightollers,glightollershg@example.com,Female,203.4.67.227,US
630,Everett,Manolov,emanolovhh@twitter.com,Male,23.176.115.234,AU
631,Ely,Leve,elevehi@google.ca,Male,223.224.68.157,JP
632,Edmund,Shipston,eshipstonhj@qq.com,Male,196.20.194.104,KZ
633,Joana,Osgar,josgarhk@harvard.edu,Female,64.52.220.204,ID
634,Pooh,MacSharry,pmacsharryhl@goo.gl,Female,231.107.104.235,ZW
635,Bernadene,Hartup,bhartuphm@istockphoto.com,Female,39.96.44.50,ID
636,Harper,Shilito,hshilitohn@nhs.uk,Male,174.226.220.189,PG
637,Napoleon,Grishenkov,ngrishenkovho@cbslocal.com,Male,67.161.29.106,US
638,Liana,Canadas,lcanadashp@constantcontact.com,Female,239.73.42.36,LR
639,Weston,Stannett,wstannetthq@ftc.gov,Male,61.148.236.216,YE
640,Roderich,Fauguel,rfauguelhr@nps.gov,Male,31.138.38.27,BS
641,Rockie,Formby,rformbyhs@reuters.com,Male,168.172.191.158,CI
642,Derward,Hamner,dhamnerht@sbwire.com,Male,181.216.5.157,IT
643,Brady,Ankers,bankershu@devhub.com,Male,157.30.200.16,BS
644,Amerigo,Bogies,abogieshv@jugem.jp,Male,246.122.57.204,NZ
645,Katinka,Trathen,ktrathenhw@lulu.com,Female,17.103.2.62,MX
646,Erhard,Gibard,egibardhx@flickr.com,Genderfluid,148.199.43.1,MX
647,Boycie,Bletsoe,bbletsoehy@cnn.com,Male,74.187.131.159,SB
648,Pauletta,Chetham,pchethamhz@prnewswire.com,Female,128.51.180.48,PG
649,Bogey,Siggery,bsiggeryi0@comsenz.com,Male,134.199.103.235,CA
650,Martainn,Swatridge,mswatridgei1@bloglovin.com,Male,93.106.73.65,GT
651,Lizzie,Shoebotham,lshoebothami2@chron.com,Female,164.221.126.10,TN
652,Gabriell,Shiel,gshieli3@sakura.ne.jp,Female,19.173.97.55,US
653,Phelia,La Padula,plapadulai4@fda.gov,Female,211.136.250.74,DE
654,Nicolais,Labba,nlabbai5@intel.com,Male,44.9.175.85,BR
655,Davide,Beecroft,dbeecrofti6@alibaba.com,Male,160.214.121.51,NP
656,Sherwood,Assaf,sassafi7@shop-pro.jp,Male,232.131.174.89,PG
657,Lucine,McGarel,lmcgareli8@list-manage.com,Female,42.242.197.50,US
658,Palm,Hawkridge,phawkridgei9@admin.ch,Male,251.95.230.188,FI
659,Tannie,Peotz,tpeotzia@columbia.edu,Male,132.202.49.226,MX
660,Steffi,Brearley,sbrearleyib@adobe.com,Female,10.248.117.13,NZ
661,Brander,Pegg,bpeggic@aol.com,Male,62.73.83.183,PG
662,Forester,Barti,fbartiid@businessinsider.com,Male,238.71.23.203,PF
663,Asa,Werny,awernyie@github.io,Male,20.16.179.26,PT
664,Karena,McGeady,kmcgeadyif@statcounter.com,Female,99.41.60.124,ET
665,Edeline,Jeffryes,ejeffryesig@netscape.com,Female,74.33.30.19,SA
666,Woodrow,Frail,wfrailih@tumblr.com,Male,89.74.26.101,US
667,Kissie,Aspey,kaspeyii@sun.com,Female,114.109.96.210,MM
668,Tam,Hathaway,thathawayij@ning.com,Male,224.154.77.26,US
669,Etienne,Pendreigh,ependreighik@pagesperso-orange.fr,Male,153.76.246.74,MA
670,Pat,Goley,pgoleyil@github.com,Male,102.138.168.162,US
671,Jason,Danielsson,jdanielssonim@nsw.gov.au,Male,208.58.54.242,US
672,Aubrey,Frane,afranein@google.cn,Male,16.40.142.137,MY
673,Janene,Flagg,jflaggio@un.org,Female,250.234.219.18,ID
674,Ludovico,Edlyn,ledlynip@qq.com,Male,5.210.19.228,GL
675,Bart,Clemintoni,bclemintoniiq@usda.gov,Male,233.116.154.74,US
676,Patric,Herrero,pherreroir@ebay.com,Male,210.211.18.183,CA
677,Trish,Olsson,tolssonis@cafepress.com,Female,2.43.213.194,MG
678,Teddie,Ineson,tinesonit@mtv.com,Female,160.53.241.198,US
679,Dollie,Doncom,ddoncomiu@si.edu,Female,222.116.57.86,US
680,Nealy,Killiam,nkilliamiv@accuweather.com,Male,84.89.108.132,US
681,Ewart,Barbie,ebarbieiw@timesonline.co.uk,Male,124.152.45.39,AR
682,Genia,Greenham,ggreenhamix@constantcontact.com,Female,129.225.251.7,BR
683,Ettie,Soppett,esoppettiy@amazonaws.com,Female,95.109.149.71,DE
684,Ellene,Faragan,efaraganiz@virginia.edu,Female,159.160.225.121,JP
685,Grove,McVee,gmcveej0@creativecommons.org,Male,134.171.231.45,PF
686,Vincenz,Mowlam,vmowlamj1@surveymonkey.com,Male,77.157.220.202,US
687,Nadine,Patmore,npatmorej2@acquirethisname.com,Female,249.228.255.116,US
688,Nell,Shropsheir,nshropsheirj3@woothemes.com,Female,160.150.135.96,EC
689,Broderick,Talby,btalbyj4@flavors.me,Male,3.69.171.204,AU
690,Spike,Danilin,sdanilinj5@phoca.cz,Male,186.28.20.9,KE
691,Vittoria,Lidgey,vlidgeyj6@elpais.com,Female,77.68.231.95,AU
692,Arlin,Syddall,asyddallj7@archive.org,Male,3.129.60.228,CA
693,Stearn,Goscomb,sgoscombj8@fastcompany.com,Male,221.31.94.214,US
694,Henrietta,Carlisso,hcarlissoj9@marketwatch.com,Female,0.239.57.67,AU
695,Theodore,MacEntee,tmacenteeja@alibaba.com,Male,193.243.140.231,AU
696,Amaleta,Light,alightjb@wikipedia.org,Female,144.34.212.108,IR
697,Jerome,Calleran,jocalleranjc@bbc.co.uk,Male,223.207.48.209,CO
698,Ellerey,Rayne,eraynejd@51.la,Male,240.53.164.235,AU
699,Tonia,Balentyne,tbalentyneje@goo.ne.jp,Female,245.138.19.192,CA
700,Dennison,Lockitt,dlockittjf@google.com.hk,Male,194.91.18.91,AU
701,Anastasia,Lorenz,alorenzjg@globo.com,Female,240.141.173.251,MH
702,Gardy,Axford,gaxfordjh@phoca.cz,Male,0.155.194.130,BR
703,Guenna,Bordone,gbordoneji@mit.edu,Female,129.72.12.191,CA
704,Mureil,Debell,mdebelljj@google.it,Female,185.226.31.192,KZ
705,Cristine,Gyse,cgysejk@epa.gov,Female,165.222.156.149,PG
706,Sheelah,Wais,swaisjl@epa.gov,Female,78.226.192.185,AR
707,Ilse,Greatrex,igreatrexjm@sciencedirect.com,Female,16.157.143.221,CA
708,Orrin,Braznell,obraznelljn@pbs.org,Male,28.183.159.64,CN
709,Phyllis,Clayhill,pclayhilljo@hp.com,Female,185.167.205.226,GE
710,Lyssa,Leggate,lleggatejp@reddit.com,Female,144.185.222.189,AU
711,Mabel,Vasilik,mvasilikjq@chronoengine.com,Female,248.193.160.36,ZA
712,Blane,McGebenay,bmcgebenayjr@toplist.cz,Male,143.39.246.204,ID
713,Silvanus,Dowey,sdoweyjs@goo.gl,Male,107.187.179.118,GY
714,Benjamen,Atmore,batmorejt@usgs.gov,Male,179.174.138.16,PH
715,Lorry,Sandels,lsandelsju@opensource.org,Male,51.137.221.4,US
716,Nickola,Oven,novenjv@lycos.com,Male,33.191.119.187,US
717,Kristos,Bensen,kbensenjw@tamu.edu,Male,37.140.152.252,GR
718,Patrizius,Binge,pbingejx@mashable.com,Male,250.0.190.166,TN
719,Marjie,Tours,mtoursjy@godaddy.com,Female,200.59.183.207,MX
720,Barry,Dinsey,bdinseyjz@techcrunch.com,Female,147.120.156.94,PE
721,Peyter,Jeschner,pjeschnerk0@wix.com,Male,154.86.132.28,MY
722,Egon,Kaaskooper,ekaaskooperk1@macromedia.com,Male,202.178.132.67,AU
723,Portie,Jullian,pjulliank2@dailymotion.com,Male,183.11.144.63,BW
724,Nessi,Guisot,nguisotk3@1und1.de,Female,241.97.121.172,AU
725,Katerine,Ettels,kettelsk4@google.ca,Female,86.166.144.242,PG
726,Gunner,Traske,gtraskek5@edublogs.org,Bigender,104.235.252.199,UG
727,Ardis,Peirone,apeironek6@dailymotion.com,Female,62.77.29.246,IN
728,Gibbie,Jacke,gjackek7@uol.com.br,Male,105.38.49.108,US
729,Noble,Belhomme,nbelhommek8@studiopress.com,Male,0.99.16.87,PG
730,Terri,Mc Dermid,tmcdermidk9@angelfire.com,Male,11.4.87.87,HN
731,Lazare,Caines,lcaineska@marriott.com,Male,116.194.58.154,IN
732,Jerrilyn,Growgane,jogrowganekb@chicagotribune.com,Female,123.245.14.26,GB
733,Fitz,Cornil,fcornilkc@odnoklassniki.ru,Male,59.113.116.208,ML
734,Selena,Greves,sgreveskd@apache.org,Female,186.39.138.9,GA
735,Broderic,Brownlee,bbrownleeke@scribd.com,Polygender,233.77.126.166,UA
736,Babbette,Ticic,bticickf@desdev.cn,Female,146.140.195.114,ID
737,Hadleigh,Alder,halderkg@geocities.jp,Agender,8.75.141.19,US
738,Mady,Gooke,mgookekh@yolasite.com,Genderqueer,108.208.79.241,PH
739,Hart,Sizey,hsizeyki@nsw.gov.au,Male,189.183.138.143,LK
740,Juliette,Scantleberry,jscantleberrykj@photobucket.com,Female,223.207.125.87,ZM
741,Glynnis,Copsey,gcopseykk@wikia.com,Polygender,40.178.112.143,YE
742,Layne,Bomb,lbombkl@geocities.jp,Female,253.73.147.240,US
743,Ezekiel,Guly,egulykm@godaddy.com,Male,65.138.174.249,US
744,Derwin,Cancellieri,dcancellierikn@wp.com,Male,119.236.52.15,CN
745,Priscella,Grishakin,pgrishakinko@usgs.gov,Genderfluid,74.211.176.74,PE
746,Norry,Tamas,ntamaskp@livejournal.com,Male,96.251.131.237,IN
747,Adair,Portwaine,aportwainekq@walmart.com,Male,21.212.191.29,MX
748,Yolane,Reynoldson,yreynoldsonkr@uiuc.edu,Non-binary,36.197.109.51,GY
749,Nealon,Hablot,nhablotks@sphinn.com,Male,177.88.86.31,US
750,Shayna,Rylett,srylettkt@nydailynews.com,Female,50.194.119.102,ID
751,Aindrea,Keers,akeersku@senate.gov,Female,207.136.57.128,IE
752,Virgilio,Rounce,vrouncekv@patch.com,Male,250.95.25.196,FR
753,Karlotte,Powys,kpowyskw@freewebs.com,Female,195.42.122.130,CA
754,Beck,Cuschieri,bcuschierikx@networkadvertising.org,Male,67.87.11.152,CA
755,Elena,Pedwell,epedwellky@webmd.com,Agender,62.127.163.72,IR
756,Stacia,Souch,ssouchkz@people.com.cn,Female,54.126.102.150,CA
757,Lazar,Pounder,lpounderl0@csmonitor.com,Male,61.111.88.245,AU
758,Eb,Potapczuk,epotapczukl1@sphinn.com,Male,255.37.19.234,FR
759,Farlee,Tomalin,ftomalinl2@dropbox.com,Male,3.64.63.79,BR
760,Hugibert,Lehrahan,hlehrahanl3@cmu.edu,Male,204.30.34.171,CA
761,Thomasin,Poytheras,tpoytherasl4@csmonitor.com,Non-binary,157.240.1.69,BD
762,Amery,Neillans,aneillansl5@hp.com,Male,164.59.77.205,MM
763,Joni,Casbourne,jcasbournel6@geocities.com,Female,15.185.107.238,ID
764,Vasili,Theodore,vtheodorel7@telegraph.co.uk,Male,187.232.216.232,MX
765,Howie,Swansborough,hswansboroughl8@trellian.com,Male,145.119.65.176,US
766,Netti,Peaddie,npeaddiel9@xing.com,Female,169.10.62.50,US
767,Marchall,Schust,mschustla@time.com,Male,251.212.185.141,US
768,Ulrike,Finlry,ufinlrylb@rakuten.co.jp,Female,27.108.9.234,EG
769,Kaitlyn,Mahaddy,kmahaddylc@npr.org,Female,226.151.123.207,IN
770,Kendal,Wateridge,kwateridgeld@springer.com,Male,237.88.168.245,US
771,Brana,Records,brecordsle@printfriendly.com,Female,219.155.193.173,US
772,Charity,Jacombs,cjacombslf@unc.edu,Female,105.92.111.229,GB
773,Jandy,Gisbourn,jgisbournlg@vinaora.com,Female,239.224.160.154,MR
774,Errol,Benois,ebenoislh@digg.com,Male,28.217.114.31,US
775,Trey,Pearcy,tpearcyli@ibm.com,Male,231.35.210.39,PG
776,Josias,Titchard,jtitchardlj@google.co.uk,Male,164.141.153.16,AU
777,Bing,Heitz,bheitzlk@mysql.com,Male,212.203.214.238,US
778,Walton,Kelland,wkellandll@apple.com,Male,158.227.240.199,SR
779,Lindsay,Toppas,ltoppaslm@quantcast.com,Male,195.45.8.192,US
780,Glen,Baudet,gbaudetln@ow.ly,Female,40.135.228.97,PG
781,Spike,Lintill,slintilllo@berkeley.edu,Male,237.253.252.88,PE
782,Frankie,Zamorrano,fzamorranolp@trellian.com,Female,57.77.222.220,BR
783,Mikaela,Chyuerton,mchyuertonlq@gnu.org,Female,222.238.85.135,ID
784,Libby,Leachman,lleachmanlr@google.ru,Female,2.33.198.215,US
785,Vania,Welburn,vwelburnls@posterous.com,Female,62.70.79.35,CA
786,Jon,Bache,jbachelt@webs.com,Agender,207.118.49.234,SL
787,Querida,McGinlay,qmcginlaylu@nih.gov,Female,125.208.98.75,ZA
788,Cori,Hayhoe,chayhoelv@g.co,Female,25.93.129.182,MY
789,Inigo,Pyle,ipylelw@about.com,Male,145.234.158.109,PG
790,Mari,Preston,mprestonlx@altervista.org,Female,194.72.15.91,CA
791,Tyson,Britney,tbritneyly@diigo.com,Male,70.7.169.154,SB
792,Freddie,Allchorne,fallchornelz@about.me,Male,95.80.78.116,US
793,Iosep,Curnok,icurnokm0@ucsd.edu,Male,16.10.200.35,BR
794,Gnni,Coulthurst,gcoulthurstm1@rakuten.co.jp,Female,157.242.118.141,PG
795,Filberte,Kenner,fkennerm2@canalblog.com,Male,175.210.78.21,NO
796,Noll,Klishin,nklishinm3@diigo.com,Male,216.144.189.3,BR
797,Bonni,Molineux,bmolineuxm4@multiply.com,Female,107.20.109.38,US
798,Hewe,Soda,hsodam5@gnu.org,Male,176.11.243.234,CN
799,Ev,Labern,elabernm6@booking.com,Male,13.171.180.26,CN
800,Helene,Champneys,hchampneysm7@unicef.org,Female,241.132.182.150,MA
801,Timmy,Chinnock,tchinnockm8@rambler.ru,Male,15.59.128.110,GG
802,Brenna,Kuhlen,bkuhlenm9@census.gov,Genderfluid,140.215.45.139,KE
803,Jephthah,Lythgoe,jlythgoema@ebay.com,Male,23.30.134.13,IR
804,Michelle,Casaccio,mcasacciomb@reuters.com,Female,200.172.100.152,DZ
805,Nickolai,Dowda,ndowdamc@wikimedia.org,Male,7.44.223.96,RU
806,Kaleb,Shoobridge,kshoobridgemd@xrea.com,Male,148.19.129.199,US
807,Willey,Reaney,wreaneyme@wufoo.com,Genderqueer,54.48.30.103,CA
808,Dulcine,Riche,drichemf@jalbum.net,Female,116.103.128.119,KE
809,Oralia,Willcott,owillcottmg@istockphoto.com,Female,252.117.111.174,US
810,Layton,Shewan,lshewanmh@thetimes.co.uk,Male,164.100.77.181,KE
811,Nerte,Kemmish,nkemmishmi@alexa.com,Female,125.120.120.213,CD
812,Valentino,Ludlow,vludlowmj@java.com,Male,25.135.199.195,CO
813,Barron,MacAulay,bmacaulaymk@about.com,Male,55.195.212.162,IQ
814,Genni,Dimitriades,gdimitriadesml@flickr.com,Female,126.16.83.193,ID
815,Cybill,Hocking,chockingmm@comsenz.com,Female,245.136.184.72,AI
816,Lyndell,Petracci,lpetraccimn@elegantthemes.com,Female,46.252.199.94,CA
817,Fionna,Kunkler,fkunklermo@hexun.com,Female,56.244.43.238,MX
818,Rosalia,McAnellye,rmcanellyemp@mit.edu,Female,68.186.71.62,AE
819,Annelise,Nelthrop,anelthropmq@lulu.com,Female,109.131.225.210,US
820,Neron,Bramham,nbramhammr@alibaba.com,Male,88.161.252.36,US
821,Calla,Calleran,cocalleranms@usatoday.com,Female,205.189.202.15,US
822,Thomasine,Ogles,toglesmt@twitpic.com,Female,147.186.133.107,MX
823,Moll,Zamorano,mzamoranomu@sun.com,Female,207.100.108.115,GT
824,Phaidra,Stratford,pstratfordmv@icq.com,Female,99.14.173.44,FJ
825,Cheston,Janning,cjanningmw@ustream.tv,Male,236.94.83.59,CK
826,Langston,Aikenhead,laikenheadmx@jimdo.com,Male,52.219.91.89,US
827,Godard,Meacher,gmeachermy@opensource.org,Male,73.10.187.2,MX
828,Cy,Holleran,cholleranmz@boston.com,Male,58.113.228.228,MM
829,Romonda,Iorizzi,riorizzin0@macromedia.com,Female,229.192.211.90,UA
830,Kaye,Cuttell,kcuttelln1@hp.com,Female,5.252.244.88,CU
831,Woodman,Ellerington,welleringtonn2@csmonitor.com,Male,177.126.214.26,US
832,Mirna,Dallow,mdallown3@epa.gov,Female,32.168.80.25,NG
833,Liva,Stansbie,lstansbien4@multiply.com,Female,99.194.211.46,ZA
834,Theadora,Hawgood,thawgoodn5@disqus.com,Female,60.63.182.100,NZ
835,Jan,Shakspeare,jshakspearen6@example.com,Female,43.166.15.145,TR
836,Ninetta,Duprey,ndupreyn7@adobe.com,Female,148.163.38.4,TN
837,Madelle,Ugolotti,mugolottin8@meetup.com,Female,251.5.121.2,IR
838,Franchot,Shiels,foshielsn9@github.io,Male,143.235.181.122,DE
839,Jere,Polendine,jpolendinena@berkeley.edu,Male,219.17.187.72,CA
840,Ambros,Parnell,aparnellnb@utexas.edu,Genderqueer,248.189.116.157,US
841,Andrea,Gullifant,agullifantnc@stumbleupon.com,Male,124.182.135.192,US
842,Pamella,Cozins,pcozinsnd@histats.com,Female,236.152.154.41,CN
843,Bear,Daveren,bdaverenne@qq.com,Male,67.61.157.54,US
844,Terrye,Cobon,tcobonnf@ifeng.com,Female,169.120.1.145,PG
845,Neddie,Athowe,nathoweng@google.com.au,Male,252.153.152.163,US
846,Stacy,Jerome,sjeromenh@google.co.jp,Male,230.15.42.18,US
847,Trent,Wooff,twooffni@admin.ch,Genderfluid,1.216.81.86,US
848,Web,Crichley,wcrichleynj@4shared.com,Male,52.209.30.87,US
849,Annmaria,Hornig,ahornignk@indiegogo.com,Female,85.150.48.96,TT
850,Sherwynd,Merfin,smerfinnl@youku.com,Male,248.80.71.205,US
851,Nonnah,Kumar,nkumarnm@weather.com,Female,185.44.58.29,RU
852,Katey,Normanville,knormanvillenn@sfgate.com,Female,144.173.130.220,PA
853,Terrill,Binham,tbinhamno@google.pl,Male,137.219.79.83,US
854,Olympia,Tullett,otullettnp@dell.com,Female,61.94.175.62,US
855,Kassia,McKeating,kmckeatingnq@baidu.com,Female,4.13.62.46,US
856,Farah,Boulder,fbouldernr@smugmug.com,Female,28.49.148.199,US
857,Fina,Decreuze,fdecreuzens@sina.com.cn,Female,8.46.138.83,US
858,Francisco,Blind,fblindnt@blogspot.com,Male,92.185.172.81,CM
859,Willyt,Scranedge,wscranedgenu@infoseek.co.jp,Female,145.148.193.163,PG
860,Levey,Leeman,lleemannv@photobucket.com,Male,228.208.254.223,BR
861,Ruddie,Franklen,rfranklennw@jalbum.net,Male,241.136.70.53,PK
862,Hadley,Fend,hfendnx@histats.com,Male,43.106.180.46,PG
863,Idelle,Norvell,inorvellny@discuz.net,Female,24.155.251.101,US
864,Chane,Shimwall,cshimwallnz@nasa.gov,Male,72.139.8.158,ML
865,James,Chastang,jchastango0@quantcast.com,Male,93.241.76.176,US
866,Trish,Gurko,tgurkoo1@earthlink.net,Female,104.121.3.214,TD
867,Hugo,Leddie,hleddieo2@cbsnews.com,Male,203.13.220.164,GR
868,Freddie,Kwietak,fkwietako3@seesaa.net,Female,185.228.125.33,NA
869,Tadio,Biffen,tbiffeno4@bigcartel.com,Male,152.43.3.138,CM
870,Alexandr,Archdeacon,aarchdeacono5@mozilla.org,Male,180.89.231.10,PG
871,Jdavie,Wornham,jwornhamo6@hostgator.com,Male,45.160.129.150,AT
872,Susie,Benning,sbenningo7@studiopress.com,Female,28.85.226.192,DE
873,Dorothee,Brasner,dbrasnero8@infoseek.co.jp,Female,91.230.93.185,MX
874,Rickie,Newcom,rnewcomo9@tripadvisor.com,Male,6.180.31.194,AU
875,Idette,Whotton,iwhottonoa@mail.ru,Non-binary,148.23.84.21,IS
876,Adelheid,Southernwood,asouthernwoodob@mediafire.com,Female,177.194.44.245,MQ
877,Dorene,Miko,dmikooc@sina.com.cn,Agender,67.74.58.199,CO
878,Ana,Giriardelli,agiriardelliod@hc360.com,Female,54.76.24.74,AU
879,Gene,Grishin,ggrishinoe@reddit.com,Male,124.157.232.191,CA
880,Bevin,Gagan,bgaganof@desdev.cn,Male,123.104.14.74,ID
881,Kristien,Godbehere,kgodbehereog@prnewswire.com,Female,162.64.253.227,CO
882,Cristionna,Verriour,cverriouroh@hostgator.com,Female,140.162.99.156,MG
883,Aron,Prium,apriumoi@cloudflare.com,Male,251.231.81.102,US
884,Aylmar,Blacklawe,ablacklaweoj@disqus.com,Male,170.32.190.167,US
885,Bernard,Klass,bklassok@xinhuanet.com,Male,66.237.237.10,CR
886,Zitella,Glencros,zglencrosol@harvard.edu,Female,54.122.172.130,UZ
887,Moses,Bigglestone,mbigglestoneom@prlog.org,Male,39.199.32.177,US
888,Terry,Keiley,tkeileyon@creativecommons.org,Male,220.71.168.167,SB
889,May,Berndsen,mberndsenoo@ocn.ne.jp,Female,122.234.111.239,EC
890,Baxie,MacBean,bmacbeanop@studiopress.com,Male,186.184.150.149,CO
891,Flinn,Lindeman,flindemanoq@businessinsider.com,Polygender,53.34.14.139,VN
892,Lorine,Rowth,lrowthor@redcross.org,Polygender,212.99.31.58,PR
893,Larina,Olfert,lolfertos@thetimes.co.uk,Genderfluid,62.191.214.187,OM
894,Guthrie,Arndt,garndtot@archive.org,Male,156.195.33.175,BF
895,Fidel,Cough,fcoughou@hhs.gov,Male,101.203.32.201,RU
896,Arin,Abrashkov,aabrashkovov@sun.com,Male,186.160.111.186,CG
897,Dud,Alliott,dalliottow@netscape.com,Male,225.72.206.113,CA
898,Blaire,Cowden,bcowdenox@nationalgeographic.com,Female,231.226.96.238,VE
899,Zorina,Croxon,zcroxonoy@tinyurl.com,Female,6.149.20.231,IQ
900,Kiley,Benedetti,kbenedettioz@cyberchimps.com,Male,140.143.6.90,CK
901,Kerri,Camosso,kcamossop0@trellian.com,Female,188.144.71.134,FR
902,Noe,Ruppel,nruppelp1@fastcompany.com,Male,135.251.158.255,UA
903,Erina,Metheringham,emetheringhamp2@psu.edu,Female,211.191.88.246,MG
904,Erda,Halworth,ehalworthp3@newsvine.com,Non-binary,86.164.174.10,US
905,Marta,Dyvoy,modyvoyp4@indiatimes.com,Female,128.150.44.105,US
906,Xever,Birkbeck,xbirkbeckp5@lulu.com,Male,210.231.58.242,SO
907,Angie,Whitford,awhitfordp6@cam.ac.uk,Male,207.52.212.253,AR
908,Gardy,Cadany,gcadanyp7@admin.ch,Male,39.65.40.233,US
909,Enoch,Schimonek,eschimonekp8@github.io,Male,129.123.3.211,MZ
910,Harli,Liggins,hligginsp9@netscape.com,Female,112.187.65.160,IT
911,Friedrich,Lorne,flornepa@europa.eu,Genderfluid,44.180.251.50,CA
912,Bobbette,MacGorrie,bmacgorriepb@discovery.com,Non-binary,119.127.37.110,HN
913,Ganny,Crewther,gcrewtherpc@wix.com,Male,20.30.214.108,YE
914,Saundra,Pedroni,spedronipd@disqus.com,Male,27.132.133.12,US
915,Baily,Loisi,bloisipe@mapy.cz,Male,64.82.143.208,CA
916,Estevan,Pavese,epavesepf@phpbb.com,Male,135.161.144.193,AU
917,Crystie,Hlavecek,chlavecekpg@google.ru,Female,49.53.42.160,CR
918,Mercedes,Porter,mporterph@msn.com,Female,241.8.68.104,GR
919,Fan,Gypson,fgypsonpi@yellowpages.com,Female,164.18.132.34,MY
920,Jaymee,Raycroft,jraycroftpj@facebook.com,Female,36.48.90.195,FJ
921,Mildred,Boater,mboaterpk@dailymotion.com,Female,193.77.134.217,MY
922,Barth,Jerok,bjerokpl@businessinsider.com,Male,110.52.104.13,US
923,Chev,Ace,cacepm@ihg.com,Male,63.145.202.114,US
924,Devina,Cropton,dcroptonpn@independent.co.uk,Genderqueer,211.16.120.226,CN
925,Morna,Maddyson,mmaddysonpo@angelfire.com,Female,107.233.159.0,ZA
926,Dorette,Portlock,dportlockpp@webmd.com,Female,176.123.178.243,US
927,Hazlett,Trevan,htrevanpq@umn.edu,Male,212.81.37.13,ID
928,Rosita,Nolda,rnoldapr@guardian.co.uk,Female,120.160.154.152,CZ
929,Nathalia,Cammell,ncammellps@apache.org,Female,225.88.58.10,BF
930,Lorenza,Alans,lalanspt@addthis.com,Female,183.90.225.89,US
931,Tiertza,Adshed,tadshedpu@163.com,Female,238.143.127.79,AO
932,Blair,Jakubczyk,bjakubczykpv@patch.com,Male,233.190.5.123,CN
933,Wendell,Jack,wjackpw@comsenz.com,Male,142.163.125.93,MX
934,Sayers,Hunstone,shunstonepx@slashdot.org,Male,248.95.26.152,GB
935,Sal,Grasner,sgrasnerpy@independent.co.uk,Female,167.142.125.102,ET
936,Milton,Baudins,mbaudinspz@amazonaws.com,Male,240.30.20.12,ZA
937,Raynard,Wynn,rwynnq0@lycos.com,Male,166.174.193.10,CH
938,Ardys,Worsnup,aworsnupq1@t-online.de,Female,112.236.135.104,MV
939,Hortense,Bailiss,hbailissq2@wired.com,Female,71.143.56.114,US
940,Bobbette,Ricardin,bricardinq3@photobucket.com,Female,102.73.145.100,ET
941,Alysa,Maving,amavingq4@unc.edu,Female,31.42.63.57,US
942,Aldo,Keen,akeenq5@bluehost.com,Male,126.226.3.32,PR
943,Jocelyn,Westley,jwestleyq6@cocolog-nifty.com,Female,175.105.159.99,YE
944,Garrett,Henrych,ghenrychq7@about.me,Male,83.83.88.132,CN
945,Leanora,Danett,ldanettq8@cdbaby.com,Female,87.57.86.225,VE
946,Latrina,Lukas,llukasq9@wikimedia.org,Female,54.92.134.80,US
947,Brittni,Shinner,bshinnerqa@squidoo.com,Female,66.81.234.162,CR
948,Crissie,Mation,cmationqb@opera.com,Female,25.116.203.192,ES
949,Paulie,Huertas,phuertasqc@nytimes.com,Female,44.43.140.60,TW
950,Osborne, Culligan,ooculliganqd@canalblog.com,Male,151.159.50.135,NO
951,Tobye,Iorns,tiornsqe@kickstarter.com,Female,187.44.142.60,ID
952,Xenia,Mingardi,xmingardiqf@xing.com,Agender,230.76.135.244,US
953,Boycey,Dayborne,bdayborneqg@moonfruit.com,Male,107.79.201.244,IS
954,Demetris,McGinty,dmcgintyqh@state.gov,Female,172.137.42.59,UY
955,Demott,Elcock,delcockqi@ftc.gov,Male,52.254.36.179,MY
956,Alyda,Churchward,achurchwardqj@1und1.de,Female,217.134.170.144,US
957,Roth,Golly,rgollyqk@shutterfly.com,Male,131.209.36.129,SO
958,Lazarus,Casin,lcasinql@mtv.com,Male,236.25.79.255,BO
959,Jamal,Styan,jstyanqm@posterous.com,Genderfluid,88.96.125.133,CA
960,Feliza,Bamforth,fbamforthqn@pinterest.com,Female,132.74.16.109,CU
961,Isidro,Caulfield,icaulfieldqo@auda.org.au,Male,139.100.54.113,KR
962,Lynnelle,Rizzini,lrizziniqp@qq.com,Female,66.93.153.93,US
963,Wilbert,Northley,wnorthleyqq@hp.com,Genderqueer,186.250.193.254,US
964,Eleanor,Polsin,epolsinqr@google.com.br,Female,25.179.49.146,NO
965,Garrik,Crolla,gcrollaqs@wikispaces.com,Male,250.237.155.202,AF
966,Raynard,Buffery,rbufferyqt@ustream.tv,Male,182.20.210.80,MG
967,Hyacinthia,Fallone,hofallonequ@statcounter.com,Female,58.214.25.68,IN
968,Emory,Foskew,efoskewqv@t.co,Male,139.68.58.249,CN
969,Roderigo,Mosey,rmoseyqw@scientificamerican.com,Male,157.71.144.216,MX
970,Mollie,Kislingbury,mkislingburyqx@fotki.com,Female,63.165.27.229,AO
971,Lelia,Sponer,lsponerqy@github.com,Female,224.198.193.77,BR
972,Sonia,Roberti,srobertiqz@squarespace.com,Genderfluid,206.156.243.28,ID
973,Myles,Wardel,mwardelr0@cdbaby.com,Genderqueer,238.90.51.113,US
974,Rance,Ingarfill,ringarfillr1@earthlink.net,Male,162.249.33.104,CM
975,Rocky,Goulston,rgoulstonr2@amazonaws.com,Male,168.214.32.19,EC
976,Quintin,Castanyer,qcastanyerr3@boston.com,Male,135.157.109.160,CN
977,Bengt,Saville,bsaviller4@ifeng.com,Male,34.168.90.155,PG
978,Karl,Ubsdell,kubsdellr5@skyrock.com,Bigender,225.182.51.37,PG
979,Meridel,Stobbart,mstobbartr6@wikispaces.com,Female,225.34.218.165,CU
980,Hector,MacGarrity,hmacgarrityr7@sogou.com,Male,193.220.238.204,DZ
981,Muhammad,Weldrick,mweldrickr8@cnbc.com,Male,119.237.246.202,CN
982,Odilia,Coole,ocooler9@netlog.com,Female,245.92.132.231,CD
983,Babb,Stalman,bstalmanra@addthis.com,Female,60.16.75.76,MG
984,Bernhard,Douris,bdourisrb@reverbnation.com,Male,6.91.133.190,US
985,Rozanna,Rivalland,rrivallandrc@reverbnation.com,Female,156.164.128.133,LS
986,Reg,Horrell,rhorrellrd@howstuffworks.com,Male,146.248.189.233,AL
987,Bartlet,Buttner,bbuttnerre@wunderground.com,Male,24.226.144.174,LK
988,Alwyn,Betje,abetjerf@wordpress.com,Male,22.7.110.109,US
989,Sheryl,Navarijo,snavarijorg@t-online.de,Female,106.189.159.240,CX
990,Prentiss,Gledhill,pgledhillrh@craigslist.org,Male,172.227.237.183,US
991,Man,Kropach,mkropachri@google.com,Male,17.244.163.71,CO
992,Binky,Antoniottii,bantoniottiirj@cpanel.net,Male,186.11.50.70,FR
993,Basilius,Boggon,bboggonrk@xrea.com,Male,119.175.29.212,US
994,Rem,Kiessel,rkiesselrl@flickr.com,Genderqueer,98.59.236.11,CA
995,Renaud,Foystone,rfoystonerm@state.tx.us,Male,71.167.180.104,US
996,Lodovico,Druitt,ldruittrn@alexa.com,Genderqueer,10.142.180.209,HU
997,Beckie,Veronique,bveroniquero@tripod.com,Female,130.154.62.87,US
998,Yoshi,Stobbe,ystobberp@hostgator.com,Female,201.91.128.161,CA
999,Barbey,Dericot,bdericotrq@tripod.com,Female,110.199.114.106,MG
1000,Danyette,Baddoe,dbaddoerr@eventbrite.com,Female,133.82.65.118,MG
